id	result_id	name	dur	record_path	start_time	end_time
1	25238573	Neotek Separator-1	15.4	recorded/Radio/2026-08-01/2026-08-01-08-00-08_real_fm_srv6-61min.mp3	1207	1222.4
2	25239656	Neotek Separator-1	15.4	recorded/Radio/2026-08-01/2026-08-01-09-00-08_real_fm_srv6-61min.mp3	1324	1339.4
3	25240678	Neotek Separator-1	15.4	recorded/Radio/2026-08-01/2026-08-01-10-00-08_real_fm_srv6-61min.mp3	1322	1337.4
4	25242204	Neotek Separator-1	15.4	recorded/Radio/2026-08-01/2026-08-01-11-00-08_real_fm_srv6-61min.mp3	1384	1399.4
5	25243654	Neotek Separator-1	15.4	recorded/Radio/2026-08-01/2026-08-01-12-00-08_real_fm_srv6-61min.mp3	1363	1378.4
6	25245197	Neotek Separator-1	15.4	recorded/Radio/2026-08-01/2026-08-01-13-00-09_real_fm_srv6-61min.mp3	1279	1294.4
7	25246609	Neotek Separator-1	15.4	recorded/Radio/2026-08-01/2026-08-01-14-00-08_real_fm_srv6-61min.mp3	1281	1296.4
8	25250433	Neotek Separator-1	15.4	recorded/Radio/2026-08-01/2026-08-01-15-00-08_real_fm_srv6-61min.mp3	1493	1508.4
9	25256035	Neotek Separator-1	15.4	recorded/Radio/2026-08-01/2026-08-01-16-00-08_real_fm_srv6-61min.mp3	1339	1354.4
10	25261284	Neotek Separator-1	15.4	recorded/Radio/2026-08-01/2026-08-01-17-00-08_real_fm_srv6-61min.mp3	1299	1314.4
11	25264335	Neotek Separator-1	15.4	recorded/Radio/2026-08-01/2026-08-01-18-00-08_real_fm_srv6-61min.mp3	1348	1363.4
12	25267575	Neotek Separator-1	15.4	recorded/Radio/2026-08-01/2026-08-01-19-00-08_real_fm_srv6-61min.mp3	1312	1327.4
13	25270962	Neotek Separator-1	15.4	recorded/Radio/2026-08-01/2026-08-01-20-00-08_real_fm_srv6-61min.mp3	1301	1316.4
14	25273698	Neotek Separator-1	15.4	recorded/Radio/2026-08-01/2026-08-01-21-00-08_real_fm_srv6-61min.mp3	1353	1368.4
15	25275865	Neotek Separator-1	15.4	recorded/Radio/2026-08-01/2026-08-01-22-00-09_real_fm_srv6-61min.mp3	1326	1341.4
16	25277799	Neotek Separator-1	15.4	recorded/Radio/2026-08-01/2026-08-01-23-00-08_real_fm_srv6-61min.mp3	1399	1414.4
17	25284648	Neotek Separator-1	15.4	recorded/Radio/2026-08-02/2026-08-02-08-00-08_real_fm_srv6-61min.mp3	1211	1226.4
18	25285615	Neotek Separator-1	15.4	recorded/Radio/2026-08-02/2026-08-02-09-00-08_real_fm_srv6-61min.mp3	1296	1311.4
19	25286717	Neotek Separator-1	15.4	recorded/Radio/2026-08-02/2026-08-02-10-00-08_real_fm_srv6-61min.mp3	1298	1313.4
20	25288185	Neotek Separator-1	15.4	recorded/Radio/2026-08-02/2026-08-02-11-00-08_real_fm_srv6-61min.mp3	1322	1337.4
21	25289378	Neotek Separator-1	15.4	recorded/Radio/2026-08-02/2026-08-02-12-00-08_real_fm_srv6-61min.mp3	1283	1298.4
22	25290767	Neotek Separator-1	15.4	recorded/Radio/2026-08-02/2026-08-02-13-00-09_real_fm_srv6-61min.mp3	1297	1312.4
23	25291928	Neotek Separator-1	15.4	recorded/Radio/2026-08-02/2026-08-02-14-00-08_real_fm_srv6-61min.mp3	1291	1306.4
24	25293273	Neotek Separator-1	15.4	recorded/Radio/2026-08-02/2026-08-02-15-00-08_real_fm_srv6-61min.mp3	1179	1194.4
25	25294382	Neotek Separator-1	15.4	recorded/Radio/2026-08-02/2026-08-02-16-00-08_real_fm_srv6-61min.mp3	1248	1263.4
26	25295568	Neotek Separator-1	15.4	recorded/Radio/2026-08-02/2026-08-02-17-00-08_real_fm_srv6-61min.mp3	1337	1352.4
27	25296638	Neotek Separator-1	15.4	recorded/Radio/2026-08-02/2026-08-02-18-00-08_real_fm_srv6-61min.mp3	1291	1306.4
28	25298468	Neotek Separator-1	15.4	recorded/Radio/2026-08-02/2026-08-02-19-00-09_real_fm_srv6-61min.mp3	1308	1323.4
29	25299795	Neotek Separator-1	15.4	recorded/Radio/2026-08-02/2026-08-02-20-00-08_real_fm_srv6-61min.mp3	1331	1346.4
30	25300947	Neotek Separator-1	15.4	recorded/Radio/2026-08-02/2026-08-02-21-00-08_real_fm_srv6-61min.mp3	1173	1188.4
31	25301599	Neotek Separator-1	15.4	recorded/Radio/2026-08-02/2026-08-02-22-00-09_real_fm_srv6-61min.mp3	1396	1411.4
32	25302067	Neotek Separator-1	15.4	recorded/Radio/2026-08-02/2026-08-02-23-00-08_real_fm_srv6-61min.mp3	1312	1327.4
33	25303748	Neotek Separator-1	15.4	recorded/Radio/2026-08-03/2026-08-03-08-00-08_real_fm_srv6-61min.mp3	1406	1421.4
34	25307524	Neotek Separator-1	15.4	recorded/Radio/2026-08-03/2026-08-03-09-00-08_real_fm_srv6-61min.mp3	1288	1303.4
35	25309824	Neotek Separator-1	15.4	recorded/Radio/2026-08-03/2026-08-03-10-00-08_real_fm_srv6-61min.mp3	1385	1400.4
36	25311738	Neotek Separator-1	15.4	recorded/Radio/2026-08-03/2026-08-03-11-00-08_real_fm_srv6-61min.mp3	1179	1194.4
37	25313494	Neotek Separator-1	15.4	recorded/Radio/2026-08-03/2026-08-03-12-00-08_real_fm_srv6-61min.mp3	1270	1285.4
38	25315463	Neotek Separator-1	15.4	recorded/Radio/2026-08-03/2026-08-03-13-00-08_real_fm_srv6-61min.mp3	1137	1152.4
39	25317191	Neotek Separator-1	15.4	recorded/Radio/2026-08-03/2026-08-03-14-00-08_real_fm_srv6-61min.mp3	1258	1273.4
40	25319142	Neotek Separator-1	15.4	recorded/Radio/2026-08-03/2026-08-03-15-00-08_real_fm_srv6-61min.mp3	1262	1277.4
41	25322399	Neotek Separator-1	15.4	recorded/Radio/2026-08-03/2026-08-03-16-00-08_real_fm_srv6-61min.mp3	1268	1283.4
42	25325880	Neotek Separator-1	15.4	recorded/Radio/2026-08-03/2026-08-03-17-00-08_real_fm_srv6-61min.mp3	1264	1279.4
43	25329014	Neotek Separator-1	15.4	recorded/Radio/2026-08-03/2026-08-03-18-00-08_real_fm_srv6-61min.mp3	1040	1055.4
44	25332075	Neotek Separator-1	15.4	recorded/Radio/2026-08-03/2026-08-03-19-00-08_real_fm_srv6-61min.mp3	1289	1304.4
45	25333841	Neotek Separator-1	15.4	recorded/Radio/2026-08-03/2026-08-03-20-00-08_real_fm_srv6-61min.mp3	1189	1204.4
46	25335407	Neotek Separator-1	15.4	recorded/Radio/2026-08-03/2026-08-03-21-00-08_real_fm_srv6-61min.mp3	1331	1346.4
47	25336577	Neotek Separator-1	15.4	recorded/Radio/2026-08-03/2026-08-03-22-00-08_real_fm_srv6-61min.mp3	1212	1227.4
48	25337665	Neotek Separator-1	15.4	recorded/Radio/2026-08-03/2026-08-03-23-00-08_real_fm_srv6-61min.mp3	1266	1281.4
49	25340667	Neotek Separator-1	15.4	recorded/Radio/2026-08-04/2026-08-04-08-00-08_real_fm_srv6-61min.mp3	1296	1311.4
50	25341670	Neotek Separator-1	15.4	recorded/Radio/2026-08-04/2026-08-04-09-00-08_real_fm_srv6-61min.mp3	1422	1437.4
51	25343105	Neotek Separator-1	15.4	recorded/Radio/2026-08-04/2026-08-04-10-00-08_real_fm_srv6-61min.mp3	1181	1196.4
52	25344155	Neotek Separator-1	15.4	recorded/Radio/2026-08-04/2026-08-04-11-00-08_real_fm_srv6-61min.mp3	1258	1273.4
53	25345202	Neotek Separator-1	15.4	recorded/Radio/2026-08-04/2026-08-04-12-00-08_real_fm_srv6-61min.mp3	1309	1324.4
54	25346107	Neotek Separator-1	15.4	recorded/Radio/2026-08-04/2026-08-04-13-00-08_real_fm_srv6-61min.mp3	1347	1362.4
55	25347637	Neotek Separator-1	15.4	recorded/Radio/2026-08-04/2026-08-04-14-00-08_real_fm_srv6-61min.mp3	1381	1396.4
56	25349374	Neotek Separator-1	15.4	recorded/Radio/2026-08-04/2026-08-04-15-00-08_real_fm_srv6-61min.mp3	1287	1302.4
57	25352754	Neotek Separator-1	15.4	recorded/Radio/2026-08-04/2026-08-04-16-00-08_real_fm_srv6-61min.mp3	1167	1182.4
58	25354209	Neotek Separator-1	15.4	recorded/Radio/2026-08-04/2026-08-04-17-00-08_real_fm_srv6-61min.mp3	1210	1225.4
59	25355257	Neotek Separator-1	15.4	recorded/Radio/2026-08-04/2026-08-04-18-00-08_real_fm_srv6-61min.mp3	1348	1363.4
60	25357112	Neotek Separator-1	15.4	recorded/Radio/2026-08-04/2026-08-04-19-00-08_real_fm_srv6-61min.mp3	1146	1161.4
61	25358483	Neotek Separator-1	15.4	recorded/Radio/2026-08-04/2026-08-04-20-00-08_real_fm_srv6-61min.mp3	1319	1334.4
62	25359594	Neotek Separator-1	15.4	recorded/Radio/2026-08-04/2026-08-04-21-00-08_real_fm_srv6-61min.mp3	1180	1195.4
63	25360286	Neotek Separator-1	15.4	recorded/Radio/2026-08-04/2026-08-04-22-00-08_real_fm_srv6-61min.mp3	1205	1220.4
64	25360781	Neotek Separator-1	15.4	recorded/Radio/2026-08-04/2026-08-04-23-00-08_real_fm_srv6-61min.mp3	1337	1352.4
65	25362547	Neotek Separator-1	15.4	recorded/Radio/2026-08-05/2026-08-05-08-00-09_real_fm_srv6-61min.mp3	1369	1384.4
66	25363586	Neotek Separator-1	15.4	recorded/Radio/2026-08-05/2026-08-05-09-00-08_real_fm_srv6-61min.mp3	1345	1360.4
67	25365167	Neotek Separator-1	15.4	recorded/Radio/2026-08-05/2026-08-05-10-00-08_real_fm_srv6-61min.mp3	1302	1317.4
68	25366372	Neotek Separator-1	15.4	recorded/Radio/2026-08-05/2026-08-05-11-00-08_real_fm_srv6-61min.mp3	1232	1247.4
69	25367459	Neotek Separator-1	15.4	recorded/Radio/2026-08-05/2026-08-05-12-00-08_real_fm_srv6-61min.mp3	1458	1473.4
70	25384198	Neotek Separator-1	15.4	recorded/Radio/2026-08-05/2026-08-05-13-00-08_real_fm_srv6-61min.mp3	1165	1180.4
71	25385099	Neotek Separator-1	15.4	recorded/Radio/2026-08-05/2026-08-05-14-00-07_real_fm_srv6-61min.mp3	1246	1261.4
72	25384379	Neotek Separator-1	15.4	recorded/Radio/2026-08-05/2026-08-05-15-00-08_real_fm_srv6-61min.mp3	1245	1260.4
73	25385704	Neotek Separator-1	15.4	recorded/Radio/2026-08-05/2026-08-05-16-00-08_real_fm_srv6-61min.mp3	1190	1205.4
74	25387056	Neotek Separator-1	15.4	recorded/Radio/2026-08-05/2026-08-05-17-00-08_real_fm_srv6-61min.mp3	1214	1229.4
75	25385673	Neotek Separator-1	15.4	recorded/Radio/2026-08-05/2026-08-05-18-00-07_real_fm_srv6-61min.mp3	1529	1544.4
76	25386328	Neotek Separator-1	15.4	recorded/Radio/2026-08-05/2026-08-05-19-00-08_real_fm_srv6-61min.mp3	1636	1651.4
77	25391620	Neotek Separator-1	15.4	recorded/Radio/2026-08-05/2026-08-05-20-00-08_real_fm_srv6-61min.mp3	1194	1209.4
78	25392714	Neotek Separator-1	15.4	recorded/Radio/2026-08-05/2026-08-05-21-00-08_real_fm_srv6-61min.mp3	1280	1295.4
79	25393316	Neotek Separator-1	15.4	recorded/Radio/2026-08-05/2026-08-05-22-00-08_real_fm_srv6-61min.mp3	1333	1348.4
80	25393768	Neotek Separator-1	15.4	recorded/Radio/2026-08-05/2026-08-05-23-00-08_real_fm_srv6-61min.mp3	1260	1275.4
81	25396561	Neotek Separator-1	15.4	recorded/Radio/2026-08-06/2026-08-06-08-00-09_real_fm_srv6-61min.mp3	1318	1333.4
82	25398350	Neotek Separator-1	15.4	recorded/Radio/2026-08-06/2026-08-06-09-00-08_real_fm_srv6-61min.mp3	1184	1199.4
83	25399776	Neotek Separator-1	15.4	recorded/Radio/2026-08-06/2026-08-06-10-00-08_real_fm_srv6-61min.mp3	1194	1209.4
84	25401515	Neotek Separator-1	15.4	recorded/Radio/2026-08-06/2026-08-06-11-00-08_real_fm_srv6-61min.mp3	1171	1186.4
85	25403594	Neotek Separator-1	15.4	recorded/Radio/2026-08-06/2026-08-06-12-00-09_real_fm_srv6-61min.mp3	1164	1179.4
86	25405122	Neotek Separator-1	15.4	recorded/Radio/2026-08-06/2026-08-06-13-00-08_real_fm_srv6-61min.mp3	1249	1264.4
87	25406628	Neotek Separator-1	15.4	recorded/Radio/2026-08-06/2026-08-06-14-00-08_real_fm_srv6-61min.mp3	1236	1251.4
88	25407474	Neotek Separator-1	15.4	recorded/Radio/2026-08-06/2026-08-06-15-00-08_real_fm_srv6-61min.mp3	1219	1234.4
89	25412004	Neotek Separator-1	15.4	recorded/Radio/2026-08-06/2026-08-06-16-00-08_real_fm_srv6-61min.mp3	1206	1221.4
90	25415654	Neotek Separator-1	15.4	recorded/Radio/2026-08-06/2026-08-06-17-00-09_real_fm_srv6-61min.mp3	1130	1145.4
91	25419255	Neotek Separator-1	15.4	recorded/Radio/2026-08-06/2026-08-06-18-00-08_real_fm_srv6-61min.mp3	1282	1297.4
92	25423252	Neotek Separator-1	15.4	recorded/Radio/2026-08-06/2026-08-06-19-00-09_real_fm_srv6-61min.mp3	1094	1109.4
93	25427232	Neotek Separator-1	15.4	recorded/Radio/2026-08-06/2026-08-06-20-00-09_real_fm_srv6-61min.mp3	1169	1184.4
94	25430306	Neotek Separator-1	15.4	recorded/Radio/2026-08-06/2026-08-06-21-00-08_real_fm_srv6-61min.mp3	1342	1357.4
95	25433251	Neotek Separator-1	15.4	recorded/Radio/2026-08-06/2026-08-06-22-00-08_real_fm_srv6-61min.mp3	1188	1203.4
96	25436045	Neotek Separator-1	15.4	recorded/Radio/2026-08-06/2026-08-06-23-00-09_real_fm_srv6-61min.mp3	1299	1314.4
97	25455047	Neotek Separator-1	15.4	recorded/Radio/2026-08-07/2026-08-07-08-00-08_real_fm_srv6-61min.mp3	1170	1185.4
98	25457734	Neotek Separator-1	15.4	recorded/Radio/2026-08-07/2026-08-07-09-00-09_real_fm_srv6-61min.mp3	1345	1360.4
99	25459905	Neotek Separator-1	15.4	recorded/Radio/2026-08-07/2026-08-07-10-00-08_real_fm_srv6-61min.mp3	1264	1279.4
100	25462883	Neotek Separator-1	15.4	recorded/Radio/2026-08-07/2026-08-07-11-00-08_real_fm_srv6-61min.mp3	1201	1216.4
101	25465111	Neotek Separator-1	15.4	recorded/Radio/2026-08-07/2026-08-07-12-00-08_real_fm_srv6-61min.mp3	1230	1245.4
102	25467222	Neotek Separator-1	15.4	recorded/Radio/2026-08-07/2026-08-07-13-00-08_real_fm_srv6-61min.mp3	1296	1311.4
103	25471375	Neotek Separator-1	15.4	recorded/Radio/2026-08-07/2026-08-07-14-00-08_real_fm_srv6-61min.mp3	1238	1253.4
104	25473853	Neotek Separator-1	15.4	recorded/Radio/2026-08-07/2026-08-07-15-00-08_real_fm_srv6-61min.mp3	1367	1382.4
105	25475058	Neotek Separator-1	15.4	recorded/Radio/2026-08-07/2026-08-07-16-00-09_real_fm_srv6-61min.mp3	1302	1317.4
106	25478339	Neotek Separator-1	15.4	recorded/Radio/2026-08-07/2026-08-07-17-00-08_real_fm_srv6-61min.mp3	1245	1260.4
107	25480583	Neotek Separator-1	15.4	recorded/Radio/2026-08-07/2026-08-07-18-00-08_real_fm_srv6-61min.mp3	1251	1266.4
108	25482917	Neotek Separator-1	15.4	recorded/Radio/2026-08-07/2026-08-07-19-00-08_real_fm_srv6-61min.mp3	1138	1153.4
109	25485445	Neotek Separator-1	15.4	recorded/Radio/2026-08-07/2026-08-07-20-00-08_real_fm_srv6-61min.mp3	1319	1334.4
110	25487616	Neotek Separator-1	15.4	recorded/Radio/2026-08-07/2026-08-07-21-00-08_real_fm_srv6-61min.mp3	1267	1282.4
111	25489366	Neotek Separator-1	15.4	recorded/Radio/2026-08-07/2026-08-07-22-00-08_real_fm_srv6-61min.mp3	1349	1364.4
112	25490775	Neotek Separator-1	15.4	recorded/Radio/2026-08-07/2026-08-07-23-00-08_real_fm_srv6-61min.mp3	1327	1342.4
113	25493825	Neotek Separator-1	15.4	recorded/Radio/2026-08-08/2026-08-08-08-00-08_real_fm_srv6-61min.mp3	1276	1291.4
114	25494689	Neotek Separator-1	15.4	recorded/Radio/2026-08-08/2026-08-08-09-00-08_real_fm_srv6-61min.mp3	1311	1326.4
115	25495602	Neotek Separator-1	15.4	recorded/Radio/2026-08-08/2026-08-08-10-00-08_real_fm_srv6-61min.mp3	1172	1187.4
116	25496695	Neotek Separator-1	15.4	recorded/Radio/2026-08-08/2026-08-08-11-00-08_real_fm_srv6-61min.mp3	1306	1321.4
117	25497920	Neotek Separator-1	15.4	recorded/Radio/2026-08-08/2026-08-08-12-00-08_real_fm_srv6-61min.mp3	1215	1230.4
118	25499152	Neotek Separator-1	15.4	recorded/Radio/2026-08-08/2026-08-08-13-00-08_real_fm_srv6-61min.mp3	1374	1389.4
119	25500031	Neotek Separator-1	15.4	recorded/Radio/2026-08-08/2026-08-08-14-00-08_real_fm_srv6-61min.mp3	1209	1224.4
120	25501064	Neotek Separator-1	15.4	recorded/Radio/2026-08-08/2026-08-08-15-00-09_real_fm_srv6-61min.mp3	1489	1504.4
121	25502072	Neotek Separator-1	15.4	recorded/Radio/2026-08-08/2026-08-08-16-00-08_real_fm_srv6-61min.mp3	1533	1548.4
122	25503565	Neotek Separator-1	15.4	recorded/Radio/2026-08-08/2026-08-08-17-00-08_real_fm_srv6-61min.mp3	1266	1281.4
123	25504260	Neotek Separator-1	15.4	recorded/Radio/2026-08-08/2026-08-08-18-00-08_real_fm_srv6-61min.mp3	1223	1238.4
124	25505642	Neotek Separator-1	15.4	recorded/Radio/2026-08-08/2026-08-08-19-00-08_real_fm_srv6-61min.mp3	1254	1269.4
125	25506734	Neotek Separator-1	15.4	recorded/Radio/2026-08-08/2026-08-08-20-00-08_real_fm_srv6-61min.mp3	1255	1270.4
126	25507465	Neotek Separator-1	15.4	recorded/Radio/2026-08-08/2026-08-08-21-00-08_real_fm_srv6-61min.mp3	1209	1224.4
127	25508159	Neotek Separator-1	15.4	recorded/Radio/2026-08-08/2026-08-08-22-00-08_real_fm_srv6-61min.mp3	1238	1253.4
128	25508732	Neotek Separator-1	15.4	recorded/Radio/2026-08-08/2026-08-08-23-00-09_real_fm_srv6-61min.mp3	1295	1310.4
129	25510416	Neotek Separator-1	15.4	recorded/Radio/2026-08-09/2026-08-09-08-00-08_real_fm_srv6-61min.mp3	1297	1312.4
130	25511016	Neotek Separator-1	15.4	recorded/Radio/2026-08-09/2026-08-09-09-00-08_real_fm_srv6-61min.mp3	1196	1211.4
131	25512214	Neotek Separator-1	15.4	recorded/Radio/2026-08-09/2026-08-09-10-00-08_real_fm_srv6-61min.mp3	1271	1286.4
132	25513149	Neotek Separator-1	15.4	recorded/Radio/2026-08-09/2026-08-09-11-00-08_real_fm_srv6-61min.mp3	1238	1253.4
133	25514251	Neotek Separator-1	15.4	recorded/Radio/2026-08-09/2026-08-09-12-00-08_real_fm_srv6-61min.mp3	1302	1317.4
134	25515523	Neotek Separator-1	15.4	recorded/Radio/2026-08-09/2026-08-09-13-00-08_real_fm_srv6-61min.mp3	1353	1368.4
135	25516690	Neotek Separator-1	15.4	recorded/Radio/2026-08-09/2026-08-09-14-00-08_real_fm_srv6-61min.mp3	1366	1381.4
136	25517511	Neotek Separator-1	15.4	recorded/Radio/2026-08-09/2026-08-09-15-00-08_real_fm_srv6-61min.mp3	1314	1329.4
137	25518915	Neotek Separator-1	15.4	recorded/Radio/2026-08-09/2026-08-09-16-00-08_real_fm_srv6-61min.mp3	1341	1356.4
138	25519889	Neotek Separator-1	15.4	recorded/Radio/2026-08-09/2026-08-09-17-00-08_real_fm_srv6-61min.mp3	1237	1252.4
139	25521121	Neotek Separator-1	15.4	recorded/Radio/2026-08-09/2026-08-09-18-00-08_real_fm_srv6-61min.mp3	1234	1249.4
140	25522350	Neotek Separator-1	15.4	recorded/Radio/2026-08-09/2026-08-09-19-00-08_real_fm_srv6-61min.mp3	1241	1256.4
141	25523627	Neotek Separator-1	15.4	recorded/Radio/2026-08-09/2026-08-09-20-00-08_real_fm_srv6-61min.mp3	1351	1366.4
142	25524714	Neotek Separator-1	15.4	recorded/Radio/2026-08-09/2026-08-09-21-00-08_real_fm_srv6-61min.mp3	1313	1328.4
143	25525393	Neotek Separator-1	15.4	recorded/Radio/2026-08-09/2026-08-09-22-00-08_real_fm_srv6-61min.mp3	1312	1327.4
144	25525849	Neotek Separator-1	15.4	recorded/Radio/2026-08-09/2026-08-09-23-00-08_real_fm_srv6-61min.mp3	1184	1199.4
145	25527372	Neotek Separator-1	15.4	recorded/Radio/2026-08-10/2026-08-10-08-00-08_real_fm_srv6-61min.mp3	1328	1343.4
146	25529022	Neotek Separator-1	15.4	recorded/Radio/2026-08-10/2026-08-10-09-00-08_real_fm_srv6-61min.mp3	1242	1257.4
147	25533716	Neotek Separator-1	15.4	recorded/Radio/2026-08-10/2026-08-10-10-00-08_real_fm_srv6-61min.mp3	1347	1362.4
148	25537206	Neotek Separator-1	15.4	recorded/Radio/2026-08-10/2026-08-10-11-00-09_real_fm_srv6-61min.mp3	1227	1242.4
149	25543114	Neotek Separator-1	15.4	recorded/Radio/2026-08-10/2026-08-10-12-00-09_real_fm_srv6-61min.mp3	1289	1304.4
150	25548424	Neotek Separator-1	15.4	recorded/Radio/2026-08-10/2026-08-10-13-00-08_real_fm_srv6-61min.mp3	1198	1213.4
151	25551716	Neotek Separator-1	15.4	recorded/Radio/2026-08-10/2026-08-10-14-00-08_real_fm_srv6-61min.mp3	1199	1214.4
152	25554694	Neotek Separator-1	15.4	recorded/Radio/2026-08-10/2026-08-10-15-00-08_real_fm_srv6-61min.mp3	1219	1234.4
153	25558999	Neotek Separator-1	15.4	recorded/Radio/2026-08-10/2026-08-10-16-00-08_real_fm_srv6-61min.mp3	1289	1304.4
154	25563680	Neotek Separator-1	15.4	recorded/Radio/2026-08-10/2026-08-10-17-00-08_real_fm_srv6-61min.mp3	1255	1270.4
155	25568376	Neotek Separator-1	15.4	recorded/Radio/2026-08-10/2026-08-10-18-00-08_real_fm_srv6-61min.mp3	1329	1344.4
156	25573680	Neotek Separator-1	15.4	recorded/Radio/2026-08-10/2026-08-10-19-00-08_real_fm_srv6-61min.mp3	1281	1296.4
157	25577715	Neotek Separator-1	15.4	recorded/Radio/2026-08-10/2026-08-10-20-00-08_real_fm_srv6-61min.mp3	1184	1199.4
158	25581496	Neotek Separator-1	15.4	recorded/Radio/2026-08-10/2026-08-10-21-00-08_real_fm_srv6-61min.mp3	1257	1272.4
159	25585268	Neotek Separator-1	15.4	recorded/Radio/2026-08-10/2026-08-10-22-00-08_real_fm_srv6-61min.mp3	1326	1341.4
160	25588408	Neotek Separator-1	15.4	recorded/Radio/2026-08-10/2026-08-10-23-00-08_real_fm_srv6-61min.mp3	1309	1324.4
161	25599632	Neotek Separator-1	15.4	recorded/Radio/2026-08-11/2026-08-11-08-00-08_real_fm_srv6-61min.mp3	1192	1207.4
162	25601318	Neotek Separator-1	15.4	recorded/Radio/2026-08-11/2026-08-11-09-00-08_real_fm_srv6-61min.mp3	1173	1188.4
163	25602954	Neotek Separator-1	15.4	recorded/Radio/2026-08-11/2026-08-11-10-00-08_real_fm_srv6-61min.mp3	1298	1313.4
164	25604043	Neotek Separator-1	15.4	recorded/Radio/2026-08-11/2026-08-11-11-00-08_real_fm_srv6-61min.mp3	1273	1288.4
165	25605037	Neotek Separator-1	15.4	recorded/Radio/2026-08-11/2026-08-11-12-00-08_real_fm_srv6-61min.mp3	1237	1252.4
166	25606950	Neotek Separator-1	15.4	recorded/Radio/2026-08-11/2026-08-11-13-00-08_real_fm_srv6-61min.mp3	1294	1309.4
167	25608247	Neotek Separator-1	15.4	recorded/Radio/2026-08-11/2026-08-11-14-00-08_real_fm_srv6-61min.mp3	1322	1337.4
168	25610197	Neotek Separator-1	15.4	recorded/Radio/2026-08-11/2026-08-11-15-00-08_real_fm_srv6-61min.mp3	1245	1260.4
169	25611770	Neotek Separator-1	15.4	recorded/Radio/2026-08-11/2026-08-11-16-00-08_real_fm_srv6-61min.mp3	1259	1274.4
170	25613230	Neotek Separator-1	15.4	recorded/Radio/2026-08-11/2026-08-11-17-00-08_real_fm_srv6-61min.mp3	1325	1340.4
171	25615034	Neotek Separator-1	15.4	recorded/Radio/2026-08-11/2026-08-11-18-00-08_real_fm_srv6-61min.mp3	1309	1324.4
172	25616712	Neotek Separator-1	15.4	recorded/Radio/2026-08-11/2026-08-11-19-00-08_real_fm_srv6-61min.mp3	1220	1235.4
173	25618180	Neotek Separator-1	15.4	recorded/Radio/2026-08-11/2026-08-11-20-00-08_real_fm_srv6-61min.mp3	1257	1272.4
174	25619166	Neotek Separator-1	15.4	recorded/Radio/2026-08-11/2026-08-11-21-00-09_real_fm_srv6-61min.mp3	1304	1319.4
175	25620011	Neotek Separator-1	15.4	recorded/Radio/2026-08-11/2026-08-11-22-00-08_real_fm_srv6-61min.mp3	1315	1330.4
176	25620520	Neotek Separator-1	15.4	recorded/Radio/2026-08-11/2026-08-11-23-00-08_real_fm_srv6-61min.mp3	1243	1258.4
177	25622606	Neotek Separator-1	15.4	recorded/Radio/2026-08-12/2026-08-12-08-00-08_real_fm_srv6-61min.mp3	1282	1297.4
178	25624007	Neotek Separator-1	15.4	recorded/Radio/2026-08-12/2026-08-12-09-00-08_real_fm_srv6-61min.mp3	1157	1172.4
179	25625617	Neotek Separator-1	15.4	recorded/Radio/2026-08-12/2026-08-12-10-00-08_real_fm_srv6-61min.mp3	1275	1290.4
180	25626778	Neotek Separator-1	15.4	recorded/Radio/2026-08-12/2026-08-12-11-00-08_real_fm_srv6-61min.mp3	1182	1197.4
181	25629708	Neotek Separator-1	15.4	recorded/Radio/2026-08-12/2026-08-12-12-00-08_real_fm_srv6-61min.mp3	1263	1278.4
182	25634988	Neotek Separator-1	15.4	recorded/Radio/2026-08-12/2026-08-12-13-00-09_real_fm_srv6-61min.mp3	1230	1245.4
183	25639456	Neotek Separator-1	15.4	recorded/Radio/2026-08-12/2026-08-12-14-00-08_real_fm_srv6-61min.mp3	1163	1178.4
184	25643165	Neotek Separator-1	15.4	recorded/Radio/2026-08-12/2026-08-12-15-00-09_real_fm_srv6-61min.mp3	1174	1189.4
185	25646907	Neotek Separator-1	15.4	recorded/Radio/2026-08-12/2026-08-12-16-00-08_real_fm_srv6-61min.mp3	1275	1290.4
186	25648280	Neotek Separator-1	15.4	recorded/Radio/2026-08-12/2026-08-12-17-00-08_real_fm_srv6-61min.mp3	1179	1194.4
187	25651115	Neotek Separator-1	15.4	recorded/Radio/2026-08-12/2026-08-12-18-00-08_real_fm_srv6-61min.mp3	1263	1278.4
188	25654386	Neotek Separator-1	15.4	recorded/Radio/2026-08-12/2026-08-12-19-00-08_real_fm_srv6-61min.mp3	1162	1177.4
189	25657010	Neotek Separator-1	15.4	recorded/Radio/2026-08-12/2026-08-12-20-00-08_real_fm_srv6-61min.mp3	1190	1205.4
190	25659072	Neotek Separator-1	15.4	recorded/Radio/2026-08-12/2026-08-12-21-00-09_real_fm_srv6-61min.mp3	1343	1358.4
191	25661131	Neotek Separator-1	15.4	recorded/Radio/2026-08-12/2026-08-12-22-00-07_real_fm_srv6-61min.mp3	1320	1335.4
192	25662252	Neotek Separator-1	15.4	recorded/Radio/2026-08-12/2026-08-12-23-00-08_real_fm_srv6-61min.mp3	1187	1202.4
193	25664232	Neotek Separator-1	15.4	recorded/Radio/2026-08-13/2026-08-13-08-00-08_real_fm_srv6-61min.mp3	1160	1175.4
194	25665212	Neotek Separator-1	15.4	recorded/Radio/2026-08-13/2026-08-13-09-00-08_real_fm_srv6-61min.mp3	1534	1549.4
195	25666303	Neotek Separator-1	15.4	recorded/Radio/2026-08-13/2026-08-13-10-00-09_real_fm_srv6-61min.mp3	1349	1364.4
196	25667574	Neotek Separator-1	15.4	recorded/Radio/2026-08-13/2026-08-13-11-00-08_real_fm_srv6-61min.mp3	1274	1289.4
197	25668947	Neotek Separator-1	15.4	recorded/Radio/2026-08-13/2026-08-13-12-00-08_real_fm_srv6-61min.mp3	1211	1226.4
198	25670157	Neotek Separator-1	15.4	recorded/Radio/2026-08-13/2026-08-13-13-00-09_real_fm_srv6-61min.mp3	1372	1387.4
199	25671070	Neotek Separator-1	15.4	recorded/Radio/2026-08-13/2026-08-13-14-00-08_real_fm_srv6-61min.mp3	1265	1280.4
200	25671972	Neotek Separator-1	15.4	recorded/Radio/2026-08-13/2026-08-13-15-00-08_real_fm_srv6-61min.mp3	1248	1263.4
201	25672792	Neotek Separator-1	15.4	recorded/Radio/2026-08-13/2026-08-13-16-00-08_real_fm_srv6-61min.mp3	1268	1283.4
202	25673668	Neotek Separator-1	15.4	recorded/Radio/2026-08-13/2026-08-13-17-00-09_real_fm_srv6-61min.mp3	1270	1285.4
203	25674753	Neotek Separator-1	15.4	recorded/Radio/2026-08-13/2026-08-13-18-00-08_real_fm_srv6-61min.mp3	1328	1343.4
204	25676710	Neotek Separator-1	15.4	recorded/Radio/2026-08-13/2026-08-13-19-00-08_real_fm_srv6-61min.mp3	1247	1262.4
205	25679068	Neotek Separator-1	15.4	recorded/Radio/2026-08-13/2026-08-13-20-00-08_real_fm_srv6-61min.mp3	1304	1319.4
206	25681187	Neotek Separator-1	15.4	recorded/Radio/2026-08-13/2026-08-13-21-00-08_real_fm_srv6-61min.mp3	1168	1183.4
207	25683242	Neotek Separator-1	15.4	recorded/Radio/2026-08-13/2026-08-13-22-00-08_real_fm_srv6-61min.mp3	1201	1216.4
208	25684742	Neotek Separator-1	15.4	recorded/Radio/2026-08-13/2026-08-13-23-00-08_real_fm_srv6-61min.mp3	1208	1223.4
209	25688824	Neotek Separator-1	15.4	recorded/Radio/2026-08-14/2026-08-14-08-00-08_real_fm_srv6-61min.mp3	1219	1234.4
210	25689658	Neotek Separator-1	15.4	recorded/Radio/2026-08-14/2026-08-14-09-00-08_real_fm_srv6-61min.mp3	1386	1401.4
211	25690637	Neotek Separator-1	15.4	recorded/Radio/2026-08-14/2026-08-14-10-00-08_real_fm_srv6-61min.mp3	1191	1206.4
212	25691580	Neotek Separator-1	15.4	recorded/Radio/2026-08-14/2026-08-14-11-00-08_real_fm_srv6-61min.mp3	1239	1254.4
213	25692368	Neotek Separator-1	15.4	recorded/Radio/2026-08-14/2026-08-14-12-00-09_real_fm_srv6-61min.mp3	1389	1404.4
214	25693277	Neotek Separator-1	15.4	recorded/Radio/2026-08-14/2026-08-14-13-00-08_real_fm_srv6-61min.mp3	1171	1186.4
215	25694232	Neotek Separator-1	15.4	recorded/Radio/2026-08-14/2026-08-14-14-00-08_real_fm_srv6-61min.mp3	1227	1242.4
216	25694973	Neotek Separator-1	15.4	recorded/Radio/2026-08-14/2026-08-14-15-00-08_real_fm_srv6-61min.mp3	1259	1274.4
217	25695715	Neotek Separator-1	15.4	recorded/Radio/2026-08-14/2026-08-14-16-00-08_real_fm_srv6-61min.mp3	1344	1359.4
218	25696543	Neotek Separator-1	15.4	recorded/Radio/2026-08-14/2026-08-14-17-00-08_real_fm_srv6-61min.mp3	1305	1320.4
219	25697564	Neotek Separator-1	15.4	recorded/Radio/2026-08-14/2026-08-14-18-00-08_real_fm_srv6-61min.mp3	1186	1201.4
220	25698614	Neotek Separator-1	15.4	recorded/Radio/2026-08-14/2026-08-14-19-00-08_real_fm_srv6-61min.mp3	1332	1347.4
221	25699758	Neotek Separator-1	15.4	recorded/Radio/2026-08-14/2026-08-14-20-00-08_real_fm_srv6-61min.mp3	1213	1228.4
222	25700443	Neotek Separator-1	15.4	recorded/Radio/2026-08-14/2026-08-14-21-00-08_real_fm_srv6-61min.mp3	1230	1245.4
223	25701120	Neotek Separator-1	15.4	recorded/Radio/2026-08-14/2026-08-14-22-00-08_real_fm_srv6-61min.mp3	1304	1319.4
224	25701544	Neotek Separator-1	15.4	recorded/Radio/2026-08-14/2026-08-14-23-00-08_real_fm_srv6-61min.mp3	1342	1357.4
225	25702964	Neotek Separator-1	15.4	recorded/Radio/2026-08-15/2026-08-15-08-00-09_real_fm_srv6-61min.mp3	1167	1182.4
226	25703711	Neotek Separator-1	15.4	recorded/Radio/2026-08-15/2026-08-15-09-00-08_real_fm_srv6-61min.mp3	1178	1193.4
227	25704345	Neotek Separator-1	15.4	recorded/Radio/2026-08-15/2026-08-15-10-00-08_real_fm_srv6-61min.mp3	1245	1260.4
228	25705692	Neotek Separator-1	15.4	recorded/Radio/2026-08-15/2026-08-15-11-00-08_real_fm_srv6-61min.mp3	1246	1261.4
229	25706527	Neotek Separator-1	15.4	recorded/Radio/2026-08-15/2026-08-15-12-00-08_real_fm_srv6-61min.mp3	1291	1306.4
230	25707685	Neotek Separator-1	15.4	recorded/Radio/2026-08-15/2026-08-15-13-00-08_real_fm_srv6-61min.mp3	1282	1297.4
231	25708717	Neotek Separator-1	15.4	recorded/Radio/2026-08-15/2026-08-15-14-00-08_real_fm_srv6-61min.mp3	1275	1290.4
232	25709530	Neotek Separator-1	15.4	recorded/Radio/2026-08-15/2026-08-15-15-00-08_real_fm_srv6-61min.mp3	1664	1679.4
233	25710356	Neotek Separator-1	15.4	recorded/Radio/2026-08-15/2026-08-15-16-00-08_real_fm_srv6-61min.mp3	1357	1372.4
234	25711249	Neotek Separator-1	15.4	recorded/Radio/2026-08-15/2026-08-15-17-00-08_real_fm_srv6-61min.mp3	1352	1367.4
235	25712396	Neotek Separator-1	15.4	recorded/Radio/2026-08-15/2026-08-15-18-00-09_real_fm_srv6-61min.mp3	1243	1258.4
236	25713394	Neotek Separator-1	15.4	recorded/Radio/2026-08-15/2026-08-15-19-00-08_real_fm_srv6-61min.mp3	1332	1347.4
237	25714552	Neotek Separator-1	15.4	recorded/Radio/2026-08-15/2026-08-15-20-00-08_real_fm_srv6-61min.mp3	1320	1335.4
238	25715375	Neotek Separator-1	15.4	recorded/Radio/2026-08-15/2026-08-15-21-00-08_real_fm_srv6-61min.mp3	1264	1279.4
239	25716034	Neotek Separator-1	15.4	recorded/Radio/2026-08-15/2026-08-15-22-00-08_real_fm_srv6-61min.mp3	1173	1188.4
240	25716427	Neotek Separator-1	15.4	recorded/Radio/2026-08-15/2026-08-15-23-00-08_real_fm_srv6-61min.mp3	1398	1413.4
241	25717785	Neotek Separator-1	15.4	recorded/Radio/2026-08-16/2026-08-16-08-00-08_real_fm_srv6-61min.mp3	1209	1224.4
242	25718366	Neotek Separator-1	15.4	recorded/Radio/2026-08-16/2026-08-16-09-00-08_real_fm_srv6-61min.mp3	1281	1296.4
243	25719248	Neotek Separator-1	15.4	recorded/Radio/2026-08-16/2026-08-16-10-00-08_real_fm_srv6-61min.mp3	1309	1324.4
244	25720169	Neotek Separator-1	15.4	recorded/Radio/2026-08-16/2026-08-16-11-00-08_real_fm_srv6-61min.mp3	1368	1383.4
245	25720974	Neotek Separator-1	15.4	recorded/Radio/2026-08-16/2026-08-16-12-00-08_real_fm_srv6-61min.mp3	1244	1259.4
246	25722196	Neotek Separator-1	15.4	recorded/Radio/2026-08-16/2026-08-16-13-00-08_real_fm_srv6-61min.mp3	1172	1187.4
247	25723253	Neotek Separator-1	15.4	recorded/Radio/2026-08-16/2026-08-16-14-00-08_real_fm_srv6-61min.mp3	1462	1477.4
248	25723977	Neotek Separator-1	15.4	recorded/Radio/2026-08-16/2026-08-16-15-00-08_real_fm_srv6-61min.mp3	1188	1203.4
249	25724891	Neotek Separator-1	15.4	recorded/Radio/2026-08-16/2026-08-16-16-00-08_real_fm_srv6-61min.mp3	1324	1339.4
250	25725734	Neotek Separator-1	15.4	recorded/Radio/2026-08-16/2026-08-16-17-00-08_real_fm_srv6-61min.mp3	1212	1227.4
251	25726800	Neotek Separator-1	15.4	recorded/Radio/2026-08-16/2026-08-16-18-00-08_real_fm_srv6-61min.mp3	1179	1194.4
252	25727889	Neotek Separator-1	15.4	recorded/Radio/2026-08-16/2026-08-16-19-00-08_real_fm_srv6-61min.mp3	1200	1215.4
253	25728978	Neotek Separator-1	15.4	recorded/Radio/2026-08-16/2026-08-16-20-00-08_real_fm_srv6-61min.mp3	1368	1383.4
254	25729763	Neotek Separator-1	15.4	recorded/Radio/2026-08-16/2026-08-16-21-00-08_real_fm_srv6-61min.mp3	1260	1275.4
255	25730275	Neotek Separator-1	15.4	recorded/Radio/2026-08-16/2026-08-16-22-00-08_real_fm_srv6-61min.mp3	1199	1214.4
256	25730728	Neotek Separator-1	15.4	recorded/Radio/2026-08-16/2026-08-16-23-00-08_real_fm_srv6-61min.mp3	1262	1277.4
257	25732296	Neotek Separator-1	15.4	recorded/Radio/2026-08-17/2026-08-17-08-00-08_real_fm_srv6-61min.mp3	1161	1176.4
258	25733802	Neotek Separator-1	15.4	recorded/Radio/2026-08-17/2026-08-17-09-00-08_real_fm_srv6-61min.mp3	1174	1189.4
259	25735322	Neotek Separator-1	15.4	recorded/Radio/2026-08-17/2026-08-17-10-00-08_real_fm_srv6-61min.mp3	1349	1364.4
260	25737644	Neotek Separator-1	15.4	recorded/Radio/2026-08-17/2026-08-17-11-00-08_real_fm_srv6-61min.mp3	1265	1280.4
261	25737816	Neotek Separator-1	15.4	recorded/Radio/2026-08-17/2026-08-17-12-00-08_real_fm_srv6-61min.mp3	1279	1294.4
262	25738614	Neotek Separator-1	15.4	recorded/Radio/2026-08-17/2026-08-17-13-00-08_real_fm_srv6-61min.mp3	1177	1192.4
263	25740470	Neotek Separator-1	15.4	recorded/Radio/2026-08-17/2026-08-17-14-00-08_real_fm_srv6-61min.mp3	1290	1305.4
264	25741109	Neotek Separator-1	15.4	recorded/Radio/2026-08-17/2026-08-17-15-00-08_real_fm_srv6-61min.mp3	1322	1337.4
265	25742243	Neotek Separator-1	15.4	recorded/Radio/2026-08-17/2026-08-17-16-00-08_real_fm_srv6-61min.mp3	1240	1255.4
266	25744645	Neotek Separator-1	15.4	recorded/Radio/2026-08-17/2026-08-17-17-00-08_real_fm_srv6-61min.mp3	1389	1404.4
267	25745207	Neotek Separator-1	15.4	recorded/Radio/2026-08-17/2026-08-17-18-00-08_real_fm_srv6-61min.mp3	1517	1532.4
268	25745141	Neotek Separator-1	15.4	recorded/Radio/2026-08-17/2026-08-17-19-00-09_real_fm_srv6-61min.mp3	1281	1296.4
269	25746628	Neotek Separator-1	15.4	recorded/Radio/2026-08-17/2026-08-17-20-00-09_real_fm_srv6-61min.mp3	1280	1295.4
270	25749008	Neotek Separator-1	15.4	recorded/Radio/2026-08-17/2026-08-17-21-00-08_real_fm_srv6-61min.mp3	1268	1283.4
271	25778385	Neotek Separator-1	15.4	recorded/Radio/2026-08-17/2026-08-17-22-00-08_real_fm_srv6-61min.mp3	1312	1327.4
272	25778652	Neotek Separator-1	15.4	recorded/Radio/2026-08-17/2026-08-17-23-00-08_real_fm_srv6-61min.mp3	1316	1331.4
273	25779656	Neotek Separator-1	15.4	recorded/Radio/2026-08-18/2026-08-18-08-00-08_real_fm_srv6-61min.mp3	1187	1202.4
274	25780987	Neotek Separator-1	15.4	recorded/Radio/2026-08-18/2026-08-18-09-00-08_real_fm_srv6-61min.mp3	1179	1194.4
275	25782442	Neotek Separator-1	15.4	recorded/Radio/2026-08-18/2026-08-18-10-00-09_real_fm_srv6-61min.mp3	1153	1168.4
276	25783515	Neotek Separator-1	15.4	recorded/Radio/2026-08-18/2026-08-18-11-00-08_real_fm_srv6-61min.mp3	1272	1287.4
277	25784314	Neotek Separator-1	15.4	recorded/Radio/2026-08-18/2026-08-18-12-00-08_real_fm_srv6-61min.mp3	1242	1257.4
278	25785349	Neotek Separator-1	15.4	recorded/Radio/2026-08-18/2026-08-18-13-00-08_real_fm_srv6-61min.mp3	1149	1164.4
279	25786606	Neotek Separator-1	15.4	recorded/Radio/2026-08-18/2026-08-18-14-00-08_real_fm_srv6-61min.mp3	1241	1256.4
280	25787436	Neotek Separator-1	15.4	recorded/Radio/2026-08-18/2026-08-18-15-00-09_real_fm_srv6-61min.mp3	1268	1283.4
281	25788305	Neotek Separator-1	15.4	recorded/Radio/2026-08-18/2026-08-18-16-00-08_real_fm_srv6-61min.mp3	1367	1382.4
282	25789517	Neotek Separator-1	15.4	recorded/Radio/2026-08-18/2026-08-18-17-00-08_real_fm_srv6-61min.mp3	1254	1269.4
283	25790798	Neotek Separator-1	15.4	recorded/Radio/2026-08-18/2026-08-18-18-00-08_real_fm_srv6-61min.mp3	1512	1527.4
284	25792270	Neotek Separator-1	15.4	recorded/Radio/2026-08-18/2026-08-18-19-00-09_real_fm_srv6-61min.mp3	1447	1462.4
285	25793609	Neotek Separator-1	15.4	recorded/Radio/2026-08-18/2026-08-18-20-00-08_real_fm_srv6-61min.mp3	1120	1135.4
286	25794470	Neotek Separator-1	15.4	recorded/Radio/2026-08-18/2026-08-18-21-00-08_real_fm_srv6-61min.mp3	1285	1300.4
287	25794979	Neotek Separator-1	15.4	recorded/Radio/2026-08-18/2026-08-18-22-00-08_real_fm_srv6-61min.mp3	1217	1232.4
288	25795191	Neotek Separator-1	15.4	recorded/Radio/2026-08-18/2026-08-18-23-00-08_real_fm_srv6-61min.mp3	1189	1204.4
289	25796242	Neotek Separator-1	15.4	recorded/Radio/2026-08-19/2026-08-19-08-00-09_real_fm_srv6-61min.mp3	1113	1128.4
290	25797593	Neotek Separator-1	15.4	recorded/Radio/2026-08-19/2026-08-19-09-00-08_real_fm_srv6-61min.mp3	1375	1390.4
291	25798642	Neotek Separator-1	15.4	recorded/Radio/2026-08-19/2026-08-19-10-00-08_real_fm_srv6-61min.mp3	1472	1487.4
292	25799887	Neotek Separator-1	15.4	recorded/Radio/2026-08-19/2026-08-19-11-00-08_real_fm_srv6-61min.mp3	1284	1299.4
293	25800792	Neotek Separator-1	15.4	recorded/Radio/2026-08-19/2026-08-19-12-00-08_real_fm_srv6-61min.mp3	1244	1259.4
294	25802011	Neotek Separator-1	15.4	recorded/Radio/2026-08-19/2026-08-19-13-00-08_real_fm_srv6-61min.mp3	1192	1207.4
295	25803073	Neotek Separator-1	15.4	recorded/Radio/2026-08-19/2026-08-19-14-00-08_real_fm_srv6-61min.mp3	1242	1257.4
296	25803800	Neotek Separator-1	15.4	recorded/Radio/2026-08-19/2026-08-19-15-00-08_real_fm_srv6-61min.mp3	1377	1392.4
297	25805033	Neotek Separator-1	15.4	recorded/Radio/2026-08-19/2026-08-19-16-00-08_real_fm_srv6-61min.mp3	1169	1184.4
298	25808512	Neotek Separator-1	15.4	recorded/Radio/2026-08-19/2026-08-19-17-00-08_real_fm_srv6-61min.mp3	1168	1183.4
299	25808548	Neotek Separator-1	15.4	recorded/Radio/2026-08-19/2026-08-19-18-00-08_real_fm_srv6-61min.mp3	1433	1448.4
300	25808967	Neotek Separator-1	15.4	recorded/Radio/2026-08-19/2026-08-19-19-00-08_real_fm_srv6-61min.mp3	1352	1367.4
301	25807879	Neotek Separator-1	15.4	recorded/Radio/2026-08-19/2026-08-19-20-00-08_real_fm_srv6-61min.mp3	1243	1258.4
302	25809995	Neotek Separator-1	15.4	recorded/Radio/2026-08-19/2026-08-19-21-00-08_real_fm_srv6-61min.mp3	1142	1157.4
303	25814137	Neotek Separator-1	15.4	recorded/Radio/2026-08-19/2026-08-19-22-00-08_real_fm_srv6-61min.mp3	1267	1282.4
304	25811153	Neotek Separator-1	15.4	recorded/Radio/2026-08-19/2026-08-19-23-00-08_real_fm_srv6-61min.mp3	1334	1349.4
305	25817726	Neotek Separator-1	15.4	recorded/Radio/2026-08-20/2026-08-20-08-00-08_real_fm_srv6-61min.mp3	1389	1404.4
306	25819258	Neotek Separator-1	15.4	recorded/Radio/2026-08-20/2026-08-20-09-00-08_real_fm_srv6-61min.mp3	1091	1106.4
307	25820665	Neotek Separator-1	15.4	recorded/Radio/2026-08-20/2026-08-20-10-00-08_real_fm_srv6-61min.mp3	1170	1185.4
308	25822166	Neotek Separator-1	15.4	recorded/Radio/2026-08-20/2026-08-20-11-00-08_real_fm_srv6-61min.mp3	1263	1278.4
309	25823639	Neotek Separator-1	15.4	recorded/Radio/2026-08-20/2026-08-20-12-00-08_real_fm_srv6-61min.mp3	1236	1251.4
310	25824727	Neotek Separator-1	15.4	recorded/Radio/2026-08-20/2026-08-20-13-00-08_real_fm_srv6-61min.mp3	1232	1247.4
311	25826206	Neotek Separator-1	15.4	recorded/Radio/2026-08-20/2026-08-20-14-00-08_real_fm_srv6-61min.mp3	1248	1263.4
312	25813990	Neotek Separator-1	15.4	recorded/Radio/2026-08-20/2026-08-20-15-00-08_real_fm_srv6-61min.mp3	1244	1259.4
313	25843236	Neotek Separator-1	15.4	recorded/Radio/2026-08-20/2026-08-20-16-00-08_real_fm_srv6-61min.mp3	1223	1238.4
314	25843534	Neotek Separator-1	15.4	recorded/Radio/2026-08-20/2026-08-20-17-00-08_real_fm_srv6-61min.mp3	1234	1249.4
315	25843576	Neotek Separator-1	15.4	recorded/Radio/2026-08-20/2026-08-20-18-00-08_real_fm_srv6-61min.mp3	1321	1336.4
316	25847709	Neotek Separator-1	15.4	recorded/Radio/2026-08-20/2026-08-20-19-00-08_real_fm_srv6-61min.mp3	1462	1477.4
317	25845814	Neotek Separator-1	15.4	recorded/Radio/2026-08-20/2026-08-20-20-00-08_real_fm_srv6-61min.mp3	1384	1399.4
318	25844807	Neotek Separator-1	15.4	recorded/Radio/2026-08-20/2026-08-20-21-00-08_real_fm_srv6-61min.mp3	1198	1213.4
319	25850436	Neotek Separator-1	15.4	recorded/Radio/2026-08-20/2026-08-20-22-00-08_real_fm_srv6-61min.mp3	1311	1326.4
320	25850796	Neotek Separator-1	15.4	recorded/Radio/2026-08-20/2026-08-20-23-00-08_real_fm_srv6-61min.mp3	1258	1273.4
321	25853354	Neotek Separator-1	15.4	recorded/Radio/2026-08-21/2026-08-21-08-00-08_real_fm_srv6-61min.mp3	1135	1150.4
322	25855133	Neotek Separator-1	15.4	recorded/Radio/2026-08-21/2026-08-21-09-00-08_real_fm_srv6-61min.mp3	1175	1190.4
323	25856601	Neotek Separator-1	15.4	recorded/Radio/2026-08-21/2026-08-21-10-00-08_real_fm_srv6-61min.mp3	1238	1253.4
324	25857978	Neotek Separator-1	15.4	recorded/Radio/2026-08-21/2026-08-21-11-00-08_real_fm_srv6-61min.mp3	1191	1206.4
325	25859206	Neotek Separator-1	15.4	recorded/Radio/2026-08-21/2026-08-21-12-00-08_real_fm_srv6-61min.mp3	1116	1131.4
326	25861242	Neotek Separator-1	15.4	recorded/Radio/2026-08-21/2026-08-21-13-00-08_real_fm_srv6-61min.mp3	1262	1277.4
327	25861763	Neotek Separator-1	15.4	recorded/Radio/2026-08-21/2026-08-21-14-00-08_real_fm_srv6-61min.mp3	1165	1180.4
328	25862513	Neotek Separator-1	15.4	recorded/Radio/2026-08-21/2026-08-21-15-00-08_real_fm_srv6-61min.mp3	1230	1245.4
329	25864189	Neotek Separator-1	15.4	recorded/Radio/2026-08-21/2026-08-21-16-00-08_real_fm_srv6-61min.mp3	1174	1189.4
330	25864375	Neotek Separator-1	15.4	recorded/Radio/2026-08-21/2026-08-21-17-00-08_real_fm_srv6-61min.mp3	1282	1297.4
331	25866405	Neotek Separator-1	15.4	recorded/Radio/2026-08-21/2026-08-21-18-00-08_real_fm_srv6-61min.mp3	1551	1566.4
332	25869254	Neotek Separator-1	15.4	recorded/Radio/2026-08-21/2026-08-21-19-00-08_real_fm_srv6-61min.mp3	1447	1462.4
333	25870387	Neotek Separator-1	15.4	recorded/Radio/2026-08-21/2026-08-21-20-00-08_real_fm_srv6-61min.mp3	1268	1283.4
334	25872669	Neotek Separator-1	15.4	recorded/Radio/2026-08-21/2026-08-21-21-00-08_real_fm_srv6-61min.mp3	1209	1224.4
335	25873126	Neotek Separator-1	15.4	recorded/Radio/2026-08-21/2026-08-21-22-00-08_real_fm_srv6-61min.mp3	1165	1180.4
336	25873812	Neotek Separator-1	15.4	recorded/Radio/2026-08-21/2026-08-21-23-00-08_real_fm_srv6-61min.mp3	1185	1200.4
337	25879431	Neotek Separator-1	15.4	recorded/Radio/2026-08-22/2026-08-22-08-00-08_real_fm_srv6-61min.mp3	1174	1189.4
338	25880618	Neotek Separator-1	15.4	recorded/Radio/2026-08-22/2026-08-22-09-00-08_real_fm_srv6-61min.mp3	1388	1403.4
339	25881641	Neotek Separator-1	15.4	recorded/Radio/2026-08-22/2026-08-22-10-00-08_real_fm_srv6-61min.mp3	1226	1241.4
340	25883024	Neotek Separator-1	15.4	recorded/Radio/2026-08-22/2026-08-22-11-00-08_real_fm_srv6-61min.mp3	1441	1456.4
341	25884266	Neotek Separator-1	15.4	recorded/Radio/2026-08-22/2026-08-22-12-00-08_real_fm_srv6-61min.mp3	1323	1338.4
342	25885449	Neotek Separator-1	15.4	recorded/Radio/2026-08-22/2026-08-22-13-00-08_real_fm_srv6-61min.mp3	1356	1371.4
343	25886785	Neotek Separator-1	15.4	recorded/Radio/2026-08-22/2026-08-22-14-00-08_real_fm_srv6-61min.mp3	1239	1254.4
344	25887851	Neotek Separator-1	15.4	recorded/Radio/2026-08-22/2026-08-22-15-00-08_real_fm_srv6-61min.mp3	1380	1395.4
345	25888802	Neotek Separator-1	15.4	recorded/Radio/2026-08-22/2026-08-22-16-00-08_real_fm_srv6-61min.mp3	1309	1324.4
346	25889947	Neotek Separator-1	15.4	recorded/Radio/2026-08-22/2026-08-22-17-00-08_real_fm_srv6-61min.mp3	1353	1368.4
347	25891305	Neotek Separator-1	15.4	recorded/Radio/2026-08-22/2026-08-22-18-00-08_real_fm_srv6-61min.mp3	1236	1251.4
348	25892920	Neotek Separator-1	15.4	recorded/Radio/2026-08-22/2026-08-22-19-00-08_real_fm_srv6-61min.mp3	1246	1261.4
349	25894316	Neotek Separator-1	15.4	recorded/Radio/2026-08-22/2026-08-22-20-00-08_real_fm_srv6-61min.mp3	1219	1234.4
350	25895216	Neotek Separator-1	15.4	recorded/Radio/2026-08-22/2026-08-22-21-00-08_real_fm_srv6-61min.mp3	1264	1279.4
351	25895972	Neotek Separator-1	15.4	recorded/Radio/2026-08-22/2026-08-22-22-00-09_real_fm_srv6-61min.mp3	1236	1251.4
352	25896431	Neotek Separator-1	15.4	recorded/Radio/2026-08-22/2026-08-22-23-00-08_real_fm_srv6-61min.mp3	1263	1278.4
353	25897884	Neotek Separator-1	15.4	recorded/Radio/2026-08-23/2026-08-23-08-00-09_real_fm_srv6-61min.mp3	1341	1356.4
354	25899019	Neotek Separator-1	15.4	recorded/Radio/2026-08-23/2026-08-23-09-00-08_real_fm_srv6-61min.mp3	1290	1305.4
355	25900184	Neotek Separator-1	15.4	recorded/Radio/2026-08-23/2026-08-23-10-00-08_real_fm_srv6-61min.mp3	1278	1293.4
356	25901554	Neotek Separator-1	15.4	recorded/Radio/2026-08-23/2026-08-23-11-00-09_real_fm_srv6-61min.mp3	1273	1288.4
357	25902782	Neotek Separator-1	15.4	recorded/Radio/2026-08-23/2026-08-23-12-00-08_real_fm_srv6-61min.mp3	1221	1236.4
358	25904106	Neotek Separator-1	15.4	recorded/Radio/2026-08-23/2026-08-23-13-00-08_real_fm_srv6-61min.mp3	1362	1377.4
359	25905379	Neotek Separator-1	15.4	recorded/Radio/2026-08-23/2026-08-23-14-00-08_real_fm_srv6-61min.mp3	1186	1201.4
360	25906394	Neotek Separator-1	15.4	recorded/Radio/2026-08-23/2026-08-23-15-00-08_real_fm_srv6-61min.mp3	1529	1544.4
361	25907359	Neotek Separator-1	15.4	recorded/Radio/2026-08-23/2026-08-23-16-00-08_real_fm_srv6-61min.mp3	1346	1361.4
362	25908479	Neotek Separator-1	15.4	recorded/Radio/2026-08-23/2026-08-23-17-00-08_real_fm_srv6-61min.mp3	1333	1348.4
363	25909669	Neotek Separator-1	15.4	recorded/Radio/2026-08-23/2026-08-23-18-00-08_real_fm_srv6-61min.mp3	1214	1229.4
364	25911351	Neotek Separator-1	15.4	recorded/Radio/2026-08-23/2026-08-23-19-00-08_real_fm_srv6-61min.mp3	1301	1316.4
365	25912780	Neotek Separator-1	15.4	recorded/Radio/2026-08-23/2026-08-23-20-00-09_real_fm_srv6-61min.mp3	1195	1210.4
366	25913782	Neotek Separator-1	15.4	recorded/Radio/2026-08-23/2026-08-23-21-00-08_real_fm_srv6-61min.mp3	1246	1261.4
367	25914471	Neotek Separator-1	15.4	recorded/Radio/2026-08-23/2026-08-23-22-00-08_real_fm_srv6-61min.mp3	1243	1258.4
368	25914871	Neotek Separator-1	15.4	recorded/Radio/2026-08-23/2026-08-23-23-00-08_real_fm_srv6-61min.mp3	1370	1385.4
369	25916793	Neotek Separator-1	15.4	recorded/Radio/2026-08-24/2026-08-24-08-00-08_real_fm_srv6-61min.mp3	1185	1200.4
370	25918301	Neotek Separator-1	15.4	recorded/Radio/2026-08-24/2026-08-24-09-00-08_real_fm_srv6-61min.mp3	1210	1225.4
371	25920164	Neotek Separator-1	15.4	recorded/Radio/2026-08-24/2026-08-24-10-00-08_real_fm_srv6-61min.mp3	1172	1187.4
372	25921525	Neotek Separator-1	15.4	recorded/Radio/2026-08-24/2026-08-24-11-00-08_real_fm_srv6-61min.mp3	1348	1363.4
373	25922633	Neotek Separator-1	15.4	recorded/Radio/2026-08-24/2026-08-24-12-00-08_real_fm_srv6-61min.mp3	1195	1210.4
374	25923956	Neotek Separator-1	15.4	recorded/Radio/2026-08-24/2026-08-24-13-00-08_real_fm_srv6-61min.mp3	1288	1303.4
375	25928334	Neotek Separator-1	15.4	recorded/Radio/2026-08-24/2026-08-24-14-00-08_real_fm_srv6-61min.mp3	1253	1268.4
376	25931797	Neotek Separator-1	15.4	recorded/Radio/2026-08-24/2026-08-24-15-00-08_real_fm_srv6-61min.mp3	1321	1336.4
377	25937804	Neotek Separator-1	15.4	recorded/Radio/2026-08-24/2026-08-24-16-00-08_real_fm_srv6-61min.mp3	1310	1325.4
378	25943795	Neotek Separator-1	15.4	recorded/Radio/2026-08-24/2026-08-24-17-00-08_real_fm_srv6-61min.mp3	1314	1329.4
379	25950283	Neotek Separator-1	15.4	recorded/Radio/2026-08-24/2026-08-24-18-00-08_real_fm_srv6-61min.mp3	1650	1665.4
380	25956340	Neotek Separator-1	15.4	recorded/Radio/2026-08-24/2026-08-24-19-00-08_real_fm_srv6-61min.mp3	1089	1104.4
381	25962259	Neotek Separator-1	15.4	recorded/Radio/2026-08-24/2026-08-24-20-00-08_real_fm_srv6-61min.mp3	1308	1323.4
382	25967404	Neotek Separator-1	15.4	recorded/Radio/2026-08-24/2026-08-24-21-00-08_real_fm_srv6-61min.mp3	1214	1229.4
383	25971886	Neotek Separator-1	15.4	recorded/Radio/2026-08-24/2026-08-24-22-00-08_real_fm_srv6-61min.mp3	1407	1422.4
384	25974598	Neotek Separator-1	15.4	recorded/Radio/2026-08-24/2026-08-24-23-00-08_real_fm_srv6-61min.mp3	1209	1224.4
385	25989659	Neotek Separator-1	15.4	recorded/Radio/2026-08-25/2026-08-25-08-00-08_real_fm_srv6-61min.mp3	1389	1404.4
386	25992459	Neotek Separator-1	15.4	recorded/Radio/2026-08-25/2026-08-25-09-00-08_real_fm_srv6-61min.mp3	1341	1356.4
387	25995149	Neotek Separator-1	15.4	recorded/Radio/2026-08-25/2026-08-25-10-00-08_real_fm_srv6-61min.mp3	1533	1548.4
388	25997432	Neotek Separator-1	15.4	recorded/Radio/2026-08-25/2026-08-25-11-00-08_real_fm_srv6-61min.mp3	1315	1330.4
389	25999553	Neotek Separator-1	15.4	recorded/Radio/2026-08-25/2026-08-25-12-00-08_real_fm_srv6-61min.mp3	1364	1379.4
390	26001465	Neotek Separator-1	15.4	recorded/Radio/2026-08-25/2026-08-25-13-00-08_real_fm_srv6-61min.mp3	1216	1231.4
391	26003497	Neotek Separator-1	15.4	recorded/Radio/2026-08-25/2026-08-25-14-00-08_real_fm_srv6-61min.mp3	1320	1335.4
392	26005067	Neotek Separator-1	15.4	recorded/Radio/2026-08-25/2026-08-25-15-00-08_real_fm_srv6-61min.mp3	1355	1370.4
393	26006881	Neotek Separator-1	15.4	recorded/Radio/2026-08-25/2026-08-25-16-00-08_real_fm_srv6-61min.mp3	1259	1274.4
394	26009299	Neotek Separator-1	15.4	recorded/Radio/2026-08-25/2026-08-25-17-00-08_real_fm_srv6-61min.mp3	1239	1254.4
395	26012088	Neotek Separator-1	15.4	recorded/Radio/2026-08-25/2026-08-25-18-00-08_real_fm_srv6-61min.mp3	1057	1072.4
396	26015512	Neotek Separator-1	15.4	recorded/Radio/2026-08-25/2026-08-25-19-00-08_real_fm_srv6-61min.mp3	1238	1253.4
397	26018234	Neotek Separator-1	15.4	recorded/Radio/2026-08-25/2026-08-25-20-00-08_real_fm_srv6-61min.mp3	1313	1328.4
398	26020409	Neotek Separator-1	15.4	recorded/Radio/2026-08-25/2026-08-25-21-00-08_real_fm_srv6-61min.mp3	1171	1186.4
399	26022562	Neotek Separator-1	15.4	recorded/Radio/2026-08-25/2026-08-25-22-00-08_real_fm_srv6-61min.mp3	1302	1317.4
400	26023490	Neotek Separator-1	15.4	recorded/Radio/2026-08-25/2026-08-25-23-00-08_real_fm_srv6-61min.mp3	1349	1364.4
401	26025255	Neotek Separator-1	15.4	recorded/Radio/2026-08-26/2026-08-26-08-00-08_real_fm_srv6-61min.mp3	1273	1288.4
402	26027200	Neotek Separator-1	15.4	recorded/Radio/2026-08-26/2026-08-26-09-00-08_real_fm_srv6-61min.mp3	1169	1184.4
403	26028971	Neotek Separator-1	15.4	recorded/Radio/2026-08-26/2026-08-26-10-00-08_real_fm_srv6-61min.mp3	1288	1303.4
404	26030443	Neotek Separator-1	15.4	recorded/Radio/2026-08-26/2026-08-26-11-00-08_real_fm_srv6-61min.mp3	1238	1253.4
405	26031720	Neotek Separator-1	15.4	recorded/Radio/2026-08-26/2026-08-26-12-00-08_real_fm_srv6-61min.mp3	1432	1447.4
406	26033016	Neotek Separator-1	15.4	recorded/Radio/2026-08-26/2026-08-26-13-00-08_real_fm_srv6-61min.mp3	1203	1218.4
407	26034274	Neotek Separator-1	15.4	recorded/Radio/2026-08-26/2026-08-26-14-00-08_real_fm_srv6-61min.mp3	1182	1197.4
408	26035421	Neotek Separator-1	15.4	recorded/Radio/2026-08-26/2026-08-26-15-00-08_real_fm_srv6-61min.mp3	1213	1228.4
409	26036591	Neotek Separator-1	15.4	recorded/Radio/2026-08-26/2026-08-26-16-00-09_real_fm_srv6-61min.mp3	1326	1341.4
410	26038374	Neotek Separator-1	15.4	recorded/Radio/2026-08-26/2026-08-26-17-00-08_real_fm_srv6-61min.mp3	1334	1349.4
411	26040039	Neotek Separator-1	15.4	recorded/Radio/2026-08-26/2026-08-26-18-00-08_real_fm_srv6-61min.mp3	1238	1253.4
412	26042024	Neotek Separator-1	15.4	recorded/Radio/2026-08-26/2026-08-26-19-00-08_real_fm_srv6-61min.mp3	1165	1180.4
413	26043629	Neotek Separator-1	15.4	recorded/Radio/2026-08-26/2026-08-26-20-00-08_real_fm_srv6-61min.mp3	1235	1250.4
414	26044776	Neotek Separator-1	15.4	recorded/Radio/2026-08-26/2026-08-26-21-00-08_real_fm_srv6-61min.mp3	1413	1428.4
415	26045484	Neotek Separator-1	15.4	recorded/Radio/2026-08-26/2026-08-26-22-00-08_real_fm_srv6-61min.mp3	1252	1267.4
416	26046013	Neotek Separator-1	15.4	recorded/Radio/2026-08-26/2026-08-26-23-00-08_real_fm_srv6-61min.mp3	1196	1211.4
417	26048190	Neotek Separator-1	15.4	recorded/Radio/2026-08-27/2026-08-27-08-00-08_real_fm_srv6-61min.mp3	1494	1509.4
418	26049663	Neotek Separator-1	15.4	recorded/Radio/2026-08-27/2026-08-27-09-00-08_real_fm_srv6-61min.mp3	1130	1145.4
419	26051550	Neotek Separator-1	15.4	recorded/Radio/2026-08-27/2026-08-27-10-00-08_real_fm_srv6-61min.mp3	1351	1366.4
420	26056605	Neotek Separator-1	15.4	recorded/Radio/2026-08-27/2026-08-27-11-00-08_real_fm_srv6-61min.mp3	1166	1181.4
421	26060741	Neotek Separator-1	15.4	recorded/Radio/2026-08-27/2026-08-27-12-00-08_real_fm_srv6-61min.mp3	1245	1260.4
422	26065239	Neotek Separator-1	15.4	recorded/Radio/2026-08-27/2026-08-27-13-00-09_real_fm_srv6-61min.mp3	1148	1163.4
423	26069367	Neotek Separator-1	15.4	recorded/Radio/2026-08-27/2026-08-27-14-00-08_real_fm_srv6-61min.mp3	1233	1248.4
424	26073190	Neotek Separator-1	15.4	recorded/Radio/2026-08-27/2026-08-27-15-00-08_real_fm_srv6-61min.mp3	1184	1199.4
425	26076923	Neotek Separator-1	15.4	recorded/Radio/2026-08-27/2026-08-27-16-00-08_real_fm_srv6-61min.mp3	1174	1189.4
426	26081444	Neotek Separator-1	15.4	recorded/Radio/2026-08-27/2026-08-27-17-00-08_real_fm_srv6-61min.mp3	1286	1301.4
427	26085137	Neotek Separator-1	15.4	recorded/Radio/2026-08-27/2026-08-27-18-00-08_real_fm_srv6-61min.mp3	1430	1445.4
428	26089205	Neotek Separator-1	15.4	recorded/Radio/2026-08-27/2026-08-27-19-00-08_real_fm_srv6-61min.mp3	625	640.4
429	26093078	Neotek Separator-1	15.4	recorded/Radio/2026-08-27/2026-08-27-20-00-08_real_fm_srv6-61min.mp3	1210	1225.4
430	26096041	Neotek Separator-1	15.4	recorded/Radio/2026-08-27/2026-08-27-21-00-08_real_fm_srv6-61min.mp3	1184	1199.4
431	26098609	Neotek Separator-1	15.4	recorded/Radio/2026-08-27/2026-08-27-22-00-08_real_fm_srv6-61min.mp3	1289	1304.4
432	26100739	Neotek Separator-1	15.4	recorded/Radio/2026-08-27/2026-08-27-23-00-08_real_fm_srv6-61min.mp3	1241	1256.4
433	26104713	Neotek Separator-1	15.4	recorded/Radio/2026-08-28/2026-08-28-08-00-09_real_fm_srv6-61min.mp3	1186	1201.4
434	26106843	Neotek Separator-1	15.4	recorded/Radio/2026-08-28/2026-08-28-09-00-08_real_fm_srv6-61min.mp3	1245	1260.4
435	26108406	Neotek Separator-1	15.4	recorded/Radio/2026-08-28/2026-08-28-10-00-08_real_fm_srv6-61min.mp3	1494	1509.4
436	26109821	Neotek Separator-1	15.4	recorded/Radio/2026-08-28/2026-08-28-11-00-08_real_fm_srv6-61min.mp3	1249	1264.4
437	26110838	Neotek Separator-1	15.4	recorded/Radio/2026-08-28/2026-08-28-12-00-08_real_fm_srv6-61min.mp3	1147	1162.4
438	26112411	Neotek Separator-1	15.4	recorded/Radio/2026-08-28/2026-08-28-13-00-09_real_fm_srv6-61min.mp3	1320	1335.4
439	26113879	Neotek Separator-1	15.4	recorded/Radio/2026-08-28/2026-08-28-14-00-08_real_fm_srv6-61min.mp3	1229	1244.4
440	26114980	Neotek Separator-1	15.4	recorded/Radio/2026-08-28/2026-08-28-15-00-08_real_fm_srv6-61min.mp3	1342	1357.4
441	26116058	Neotek Separator-1	15.4	recorded/Radio/2026-08-28/2026-08-28-16-00-09_real_fm_srv6-61min.mp3	1361	1376.4
442	26117703	Neotek Separator-1	15.4	recorded/Radio/2026-08-28/2026-08-28-17-00-08_real_fm_srv6-61min.mp3	1364	1379.4
443	26120449	Neotek Separator-1	15.4	recorded/Radio/2026-08-28/2026-08-28-18-00-08_real_fm_srv6-61min.mp3	1186	1201.4
444	26123465	Neotek Separator-1	15.4	recorded/Radio/2026-08-28/2026-08-28-19-00-08_real_fm_srv6-61min.mp3	1272	1287.4
445	26126178	Neotek Separator-1	15.4	recorded/Radio/2026-08-28/2026-08-28-20-00-08_real_fm_srv6-61min.mp3	1351	1366.4
446	26128397	Neotek Separator-1	15.4	recorded/Radio/2026-08-28/2026-08-28-21-00-08_real_fm_srv6-61min.mp3	1363	1378.4
447	26129808	Neotek Separator-1	15.4	recorded/Radio/2026-08-28/2026-08-28-22-00-08_real_fm_srv6-61min.mp3	1190	1205.4
448	26130734	Neotek Separator-1	15.4	recorded/Radio/2026-08-28/2026-08-28-23-00-08_real_fm_srv6-61min.mp3	1339	1354.4
449	26132706	Neotek Separator-1	15.4	recorded/Radio/2026-08-29/2026-08-29-08-00-09_real_fm_srv6-61min.mp3	1319	1334.4
450	26134032	Neotek Separator-1	15.4	recorded/Radio/2026-08-29/2026-08-29-09-00-08_real_fm_srv6-61min.mp3	1324	1339.4
451	26135321	Neotek Separator-1	15.4	recorded/Radio/2026-08-29/2026-08-29-10-00-08_real_fm_srv6-61min.mp3	1188	1203.4
452	26136873	Neotek Separator-1	15.4	recorded/Radio/2026-08-29/2026-08-29-11-00-08_real_fm_srv6-61min.mp3	1222	1237.4
453	26138268	Neotek Separator-1	15.4	recorded/Radio/2026-08-29/2026-08-29-12-00-08_real_fm_srv6-61min.mp3	1365	1380.4
454	26139703	Neotek Separator-1	15.4	recorded/Radio/2026-08-29/2026-08-29-13-00-08_real_fm_srv6-61min.mp3	1252	1267.4
455	26141216	Neotek Separator-1	15.4	recorded/Radio/2026-08-29/2026-08-29-14-00-08_real_fm_srv6-61min.mp3	1226	1241.4
456	26142386	Neotek Separator-1	15.4	recorded/Radio/2026-08-29/2026-08-29-15-00-08_real_fm_srv6-61min.mp3	1596	1611.4
457	26143273	Neotek Separator-1	15.4	recorded/Radio/2026-08-29/2026-08-29-16-00-08_real_fm_srv6-61min.mp3	1487	1502.4
458	26144836	Neotek Separator-1	15.4	recorded/Radio/2026-08-29/2026-08-29-17-00-08_real_fm_srv6-61min.mp3	1190	1205.4
459	26146325	Neotek Separator-1	15.4	recorded/Radio/2026-08-29/2026-08-29-18-00-08_real_fm_srv6-61min.mp3	1262	1277.4
460	26148321	Neotek Separator-1	15.4	recorded/Radio/2026-08-29/2026-08-29-19-00-08_real_fm_srv6-61min.mp3	1274	1289.4
461	26150019	Neotek Separator-1	15.4	recorded/Radio/2026-08-29/2026-08-29-20-00-09_real_fm_srv6-61min.mp3	1254	1269.4
462	26151103	Neotek Separator-1	15.4	recorded/Radio/2026-08-29/2026-08-29-21-00-08_real_fm_srv6-61min.mp3	1544	1559.4
463	26151977	Neotek Separator-1	15.4	recorded/Radio/2026-08-29/2026-08-29-22-00-08_real_fm_srv6-61min.mp3	1227	1242.4
464	26152449	Neotek Separator-1	15.4	recorded/Radio/2026-08-29/2026-08-29-23-00-08_real_fm_srv6-61min.mp3	1336	1351.4
465	26153937	Neotek Separator-1	15.4	recorded/Radio/2026-08-30/2026-08-30-08-00-08_real_fm_srv6-61min.mp3	1210	1225.4
466	26155510	Neotek Separator-1	15.4	recorded/Radio/2026-08-30/2026-08-30-09-00-08_real_fm_srv6-61min.mp3	1298	1313.4
467	26156671	Neotek Separator-1	15.4	recorded/Radio/2026-08-30/2026-08-30-10-00-08_real_fm_srv6-61min.mp3	1355	1370.4
468	26157967	Neotek Separator-1	15.4	recorded/Radio/2026-08-30/2026-08-30-11-00-08_real_fm_srv6-61min.mp3	1276	1291.4
469	26159451	Neotek Separator-1	15.4	recorded/Radio/2026-08-30/2026-08-30-12-00-08_real_fm_srv6-61min.mp3	1352	1367.4
470	26160893	Neotek Separator-1	15.4	recorded/Radio/2026-08-30/2026-08-30-13-00-08_real_fm_srv6-61min.mp3	1324	1339.4
471	26162236	Neotek Separator-1	15.4	recorded/Radio/2026-08-30/2026-08-30-14-00-08_real_fm_srv6-61min.mp3	1416	1431.4
472	26163307	Neotek Separator-1	15.4	recorded/Radio/2026-08-30/2026-08-30-15-00-08_real_fm_srv6-61min.mp3	1347	1362.4
473	26164501	Neotek Separator-1	15.4	recorded/Radio/2026-08-30/2026-08-30-16-00-08_real_fm_srv6-61min.mp3	1172	1187.4
474	26165622	Neotek Separator-1	15.4	recorded/Radio/2026-08-30/2026-08-30-17-00-09_real_fm_srv6-61min.mp3	1383	1398.4
475	26167205	Neotek Separator-1	15.4	recorded/Radio/2026-08-30/2026-08-30-18-00-08_real_fm_srv6-61min.mp3	1187	1202.4
476	26169097	Neotek Separator-1	15.4	recorded/Radio/2026-08-30/2026-08-30-19-00-08_real_fm_srv6-61min.mp3	1196	1211.4
477	26170678	Neotek Separator-1	15.4	recorded/Radio/2026-08-30/2026-08-30-20-00-08_real_fm_srv6-61min.mp3	1188	1203.4
478	26171590	Neotek Separator-1	15.4	recorded/Radio/2026-08-30/2026-08-30-21-00-08_real_fm_srv6-61min.mp3	1196	1211.4
479	26172392	Neotek Separator-1	15.4	recorded/Radio/2026-08-30/2026-08-30-22-00-08_real_fm_srv6-61min.mp3	1190	1205.4
480	26172860	Neotek Separator-1	15.4	recorded/Radio/2026-08-30/2026-08-30-23-00-08_real_fm_srv6-61min.mp3	1282	1297.4
481	26174974	Neotek Separator-1	15.4	recorded/Radio/2026-08-31/2026-08-31-08-00-08_real_fm_srv6-61min.mp3	1182	1197.4
482	26176826	Neotek Separator-1	15.4	recorded/Radio/2026-08-31/2026-08-31-09-00-08_real_fm_srv6-61min.mp3	1154	1169.4
483	26178805	Neotek Separator-1	15.4	recorded/Radio/2026-08-31/2026-08-31-10-00-08_real_fm_srv6-61min.mp3	1550	1565.4
484	26180280	Neotek Separator-1	15.4	recorded/Radio/2026-08-31/2026-08-31-11-00-08_real_fm_srv6-61min.mp3	1290	1305.4
485	26181283	Neotek Separator-1	15.4	recorded/Radio/2026-08-31/2026-08-31-12-00-08_real_fm_srv6-61min.mp3	1189	1204.4
486	26182671	Neotek Separator-1	15.4	recorded/Radio/2026-08-31/2026-08-31-13-00-08_real_fm_srv6-61min.mp3	1214	1229.4
487	26184170	Neotek Separator-1	15.4	recorded/Radio/2026-08-31/2026-08-31-14-00-08_real_fm_srv6-61min.mp3	1332	1347.4
488	26185302	Neotek Separator-1	15.4	recorded/Radio/2026-08-31/2026-08-31-15-00-08_real_fm_srv6-61min.mp3	1208	1223.4
489	26187409	Neotek Separator-1	15.4	recorded/Radio/2026-08-31/2026-08-31-16-00-08_real_fm_srv6-61min.mp3	1289	1304.4
490	26189950	Neotek Separator-1	15.4	recorded/Radio/2026-08-31/2026-08-31-17-00-08_real_fm_srv6-61min.mp3	1238	1253.4
491	26191884	Neotek Separator-1	15.4	recorded/Radio/2026-08-31/2026-08-31-18-00-08_real_fm_srv6-61min.mp3	1909	1924.4
492	26194698	Neotek Separator-1	15.4	recorded/Radio/2026-08-31/2026-08-31-19-00-08_real_fm_srv6-61min.mp3	1172	1187.4
493	26196611	Neotek Separator-1	15.4	recorded/Radio/2026-08-31/2026-08-31-20-00-08_real_fm_srv6-61min.mp3	1324	1339.4
494	26198408	Neotek Separator-1	15.4	recorded/Radio/2026-08-31/2026-08-31-21-00-08_real_fm_srv6-61min.mp3	1309	1324.4
495	26199617	Neotek Separator-1	15.4	recorded/Radio/2026-08-31/2026-08-31-22-00-15.778_real_fm_srv10-61min.mp3	1180	1195.4
496	26200211	Neotek Separator-1	15.4	recorded/Radio/2026-08-31/2026-08-31-23-00-08_real_fm_srv6-61min.mp3	1215	1230.4
